season,team_a,team_b,win_rate_a,win_rate_b,form_a,form_b,h2h_a,nrr_a,nrr_b,home_a,home_b,toss_a,winner_is_a
1,GT,MI,0.5,0.5,0.5,0.5,0.5,0.0,0.0,0,0,1,1
1,CSK,GT,0.5,1.0,0.5,1.0,0.5,0.0,0.057,1,0,1,1
1,LSG,PBKS,0.5,0.5,0.5,0.5,0.5,0.0,0.0,0,0,0,0
1,SRH,LSG,0.5,0.0,0.5,0.0,0.5,0.0,-0.03,1,0,0,1
1,DC,GT,0.5,0.5,0.5,0.5,0.5,0.0,0.011,0,1,0,0
1,RCB,CSK,0.5,1.0,0.5,1.0,0.5,0.0,0.066,0,1,1,0
1,PBKS,RCB,1.0,0.0,1.0,0.0,0.5,0.042,-0.062,1,0,1,1
1,MI,DC,0.0,0.0,0.0,0.0,0.5,-0.04,-0.047,0,0,1,0
1,PBKS,DC,1.0,0.5,1.0,0.5,0.5,0.102,0.026,1,0,1,1
1,RR,MI,0.5,0.0,0.5,0.0,0.5,0.0,-0.091,1,0,0,1
1,GT,DC,0.667,0.333,0.667,0.333,1.0,0.078,-0.012,0,0,1,1
1,GT,LSG,0.75,0.0,0.75,0.0,0.5,0.128,-0.082,0,1,0,0
1,MI,RCB,0.0,0.0,0.0,0.0,0.5,-0.137,-0.104,1,0,1,1
1,PBKS,SRH,1.0,1.0,1.0,1.0,0.5,0.156,0.074,1,0,0,1
1,SRH,GT,0.5,0.6,0.5,0.6,0.5,0.012,0.093,0,1,0,0
1,GT,SRH,0.667,0.333,0.6,0.333,1.0,0.135,-0.017,0,0,0,1
1,RCB,LSG,0.0,0.333,0.0,0.333,0.5,-0.138,-0.033,1,0,0,0
1,PBKS,CSK,1.0,1.0,1.0,1.0,0.5,0.245,0.154,0,0,0,0
1,PBKS,GT,0.8,0.714,0.8,0.8,0.5,0.203,0.193,0,0,0,0
1,RR,RCB,1.0,0.0,1.0,0.0,0.5,0.066,-0.19,1,0,0,1
1,MI,DC,0.25,0.25,0.25,0.25,0.0,-0.089,-0.047,0,1,0,0
1,LSG,SRH,0.5,0.25,0.5,0.25,0.0,0.042,-0.058,1,0,0,1
1,PBKS,MI,0.667,0.2,0.6,0.2,0.5,0.167,-0.117,0,1,1,1
1,SRH,KKR,0.2,0.5,0.2,0.5,0.5,-0.097,0.0,1,0,0,0
1,LSG,DC,0.6,0.4,0.6,0.4,0.5,0.098,-0.007,0,1,1,0
1,MI,GT,0.167,0.75,0.2,0.8,0.0,-0.166,0.244,0,0,1,0
1,CSK,DC,1.0,0.5,1.0,0.6,0.5,0.214,0.081,0,1,1,1
1,RR,KKR,1.0,1.0,1.0,1.0,0.5,0.123,0.054,0,1,1,0
1,LSG,RCB,0.5,0.0,0.6,0.0,1.0,0.037,-0.23,0,1,1,1
1,LSG,SRH,0.571,0.167,0.8,0.0,0.5,0.082,-0.135,1,0,0,1
1,MI,RCB,0.143,0.0,0.2,0.0,1.0,-0.2,-0.261,0,1,1,1
1,CSK,LSG,1.0,0.625,1.0,0.8,0.5,0.298,0.137,1,0,0,1
1,SRH,RCB,0.143,0.0,0.0,0.0,0.5,-0.174,-0.303,0,1,1,0
1,MI,RCB,0.25,0.125,0.4,0.2,1.0,-0.139,-0.251,0,1,1,1
1,MI,SRH,0.333,0.125,0.4,0.0,0.5,-0.087,-0.21,1,0,0,1
1,GT,SRH,0.778,0.111,0.8,0.0,1.0,0.292,-0.265,1,0,0,1
1,RR,SRH,0.667,0.1,0.667,0.0,0.5,0.092,-0.306,0,0,0,1
1,MI,GT,0.4,0.8,0.6,1.0,0.0,-0.009,0.351,0,1,1,1
1,RR,DC,0.75,0.429,0.75,0.4,0.5,0.151,0.022,0,1,0,0
1,SRH,PBKS,0.091,0.714,0.0,0.6,0.0,-0.348,0.236,0,1,1,0
1,DC,PBKS,0.5,0.75,0.6,0.6,0.0,0.076,0.316,1,0,1,0
1,RR,RCB,0.6,0.111,0.6,0.2,1.0,0.113,-0.288,1,0,0,1
1,CSK,LSG,1.0,0.556,1.0,0.6,1.0,0.36,0.094,1,0,1,1
1,GT,RCB,0.727,0.1,0.8,0.2,0.5,0.321,-0.348,0,1,1,1
1,RCB,PBKS,0.091,0.778,0.2,0.6,0.0,-0.402,0.394,0,1,1,0
1,KKR,RR,1.0,0.667,1.0,0.6,1.0,0.098,0.198,1,0,1,1
1,CSK,DC,1.0,0.444,1.0,0.6,1.0,0.428,0.022,1,0,1,1
1,LSG,MI,0.5,0.455,0.4,0.8,0.5,0.047,0.034,0,0,0,1
1,RR,RCB,0.571,0.083,0.4,0.2,1.0,0.157,-0.455,0,1,1,0
1,GT,SRH,0.75,0.083,0.8,0.0,1.0,0.398,-0.404,1,0,0,1
1,CSK,RCB,1.0,0.154,1.0,0.2,1.0,0.497,-0.411,0,1,0,1
1,MI,RR,0.417,0.5,0.8,0.4,0.0,-0.024,0.126,1,0,0,1
1,GT,RR,0.769,0.444,0.8,0.2,0.5,0.483,0.093,0,0,1,1
1,DC,KKR,0.4,1.0,0.4,1.0,0.5,-0.026,0.157,0,1,1,0
1,PBKS,LSG,0.8,0.545,0.8,0.6,1.0,0.469,0.13,1,0,1,0
1,LSG,KKR,0.583,1.0,0.6,1.0,0.5,0.216,0.239,0,1,1,0
1,GT,RCB,0.786,0.143,0.8,0.2,1.0,0.544,-0.459,0,0,1,1
1,RCB,SRH,0.133,0.077,0.2,0.0,1.0,-0.516,-0.464,1,0,0,1
1,CSK,KKR,1.0,1.0,1.0,1.0,0.5,0.566,0.309,0,1,1,0
1,GT,PBKS,0.8,0.727,0.8,0.8,1.0,0.625,0.409,1,0,0,1
1,MI,PBKS,0.462,0.667,0.8,0.6,0.0,0.023,0.369,0,0,1,0
1,GT,RR,0.812,0.4,1.0,0.2,1.0,0.682,0.051,0,1,1,1
1,SRH,KKR,0.071,1.0,0.0,1.0,0.0,-0.526,0.369,0,1,1,0
1,MI,RR,0.429,0.364,0.6,0.0,0.5,-0.026,0.011,0,1,0,1
1,RR,CSK,0.333,0.889,0.0,0.8,0.5,-0.03,0.524,0,0,1,0
1,RR,GT,0.308,0.824,0.0,1.0,0.0,-0.077,0.74,1,0,1,1
1,SRH,PBKS,0.067,0.692,0.0,0.6,0.0,-0.559,0.439,0,0,0,0
1,PBKS,DC,0.714,0.364,0.6,0.2,1.0,0.508,-0.083,0,1,0,1
1,RCB,RR,0.188,0.357,0.4,0.2,0.333,-0.427,-0.01,0,1,1,1
1,KKR,MI,1.0,0.467,1.0,0.6,0.5,0.417,0.032,0,0,0,1
2,DC,LSG,0.5,0.5,0.5,0.5,0.5,0.0,0.0,0,1,1,0
2,RR,MI,0.5,0.5,0.5,0.5,0.5,0.0,0.0,0,1,0,1
2,LSG,DC,1.0,0.0,1.0,0.0,1.0,0.05,-0.035,1,0,0,1
2,KKR,RR,0.5,1.0,0.5,1.0,0.5,0.0,0.069,0,1,0,0
2,RR,DC,1.0,0.0,1.0,0.0,0.5,0.115,-0.072,0,0,1,1
2,CSK,RR,0.5,1.0,0.5,1.0,0.5,0.0,0.195,1,0,1,0
2,KKR,GT,0.0,0.5,0.0,0.5,0.5,-0.032,0.0,1,0,1,0
2,CSK,MI,0.0,0.0,0.0,0.0,0.5,-0.052,-0.048,0,0,1,0
2,MI,RCB,0.5,0.5,0.5,0.5,0.5,0.019,0.0,1,0,0,1
2,MI,RR,0.667,1.0,0.667,1.0,0.0,0.095,0.269,1,0,1,1
2,DC,CSK,0.0,0.0,0.0,0.0,0.5,-0.128,-0.099,0,0,0,0
2,DC,CSK,0.0,0.333,0.0,0.333,0.0,-0.176,-0.03,0,1,0,0
2,RR,PBKS,0.8,0.5,0.8,0.5,0.5,0.216,0.0,0,1,1,0
2,SRH,RCB,0.5,0.0,0.5,0.0,0.5,0.0,-0.053,0,0,1,1
2,KKR,LSG,0.0,1.0,0.0,1.0,0.5,-0.073,0.103,1,0,0,0
2,KKR,CSK,0.0,0.5,0.0,0.5,0.5,-0.115,0.011,0,1,0,0
2,RR,PBKS,0.667,1.0,0.6,1.0,0.0,0.155,0.087,1,0,1,1
2,MI,RCB,0.75,0.0,0.75,0.0,1.0,0.171,-0.092,1,0,0,1
2,RR,KKR,0.714,0.0,0.6,0.0,1.0,0.243,-0.149,0,0,0,1
2,LSG,SRH,1.0,1.0,1.0,1.0,0.5,0.163,0.056,0,0,0,1
2,PBKS,DC,0.5,0.0,0.5,0.0,0.5,0.025,-0.205,1,0,1,1
2,KKR,MI,0.0,0.8,0.0,0.8,0.5,-0.192,0.221,0,1,1,0
2,LSG,CSK,1.0,0.6,1.0,0.6,0.5,0.248,0.059,0,0,0,1
2,PBKS,GT,0.667,1.0,0.667,1.0,0.5,0.075,0.059,0,0,0,0
2,RCB,GT,0.0,1.0,0.0,1.0,0.5,-0.127,0.117,0,1,0,0
2,DC,KKR,0.0,0.0,0.0,0.0,0.5,-0.24,-0.245,0,1,1,0
2,GT,CSK,1.0,0.5,1.0,0.6,0.5,0.163,0.024,0,1,0,1
2,RR,LSG,0.75,1.0,0.6,1.0,0.5,0.305,0.298,0,1,1,1
2,LSG,PBKS,0.833,0.5,0.8,0.5,0.5,0.261,0.034,0,1,1,1
2,RR,LSG,0.778,0.857,0.6,0.8,1.0,0.358,0.327,0,0,0,1
2,GT,LSG,1.0,0.75,1.0,0.6,0.5,0.232,0.267,0,0,0,1
2,RCB,PBKS,0.0,0.4,0.0,0.4,0.5,-0.159,-0.012,1,0,1,0
2,CSK,PBKS,0.429,0.5,0.6,0.4,0.5,-0.024,0.058,0,1,0,1
2,PBKS,DC,0.429,0.0,0.4,0.0,1.0,0.027,-0.276,1,0,1,1
2,PBKS,DC,0.5,0.0,0.4,0.0,1.0,0.099,-0.326,0,0,0,1
2,LSG,KKR,0.667,0.143,0.4,0.2,1.0,0.21,-0.194,0,1,1,0
2,LSG,DC,0.6,0.0,0.2,0.0,1.0,0.165,-0.386,0,0,0,1
2,RCB,GT,0.0,1.0,0.0,1.0,0.0,-0.208,0.314,1,0,0,0
2,PBKS,KKR,0.556,0.25,0.6,0.4,0.5,0.185,-0.13,0,0,1,0
2,RCB,GT,0.0,1.0,0.0,1.0,0.0,-0.251,0.375,1,0,1,0
2,RR,RCB,0.8,0.0,0.8,0.0,0.5,0.444,-0.283,0,0,1,1
2,CSK,RR,0.5,0.818,0.6,1.0,0.0,0.021,0.49,0,0,0,0
2,RR,MI,0.833,0.833,1.0,1.0,0.5,0.538,0.297,0,0,0,0
2,KKR,CSK,0.333,0.444,0.6,0.4,0.0,-0.072,-0.013,1,0,1,0
2,DC,RR,0.0,0.769,0.0,0.8,0.0,-0.417,0.509,0,1,1,0
2,SRH,LSG,0.5,0.636,0.5,0.4,0.0,-0.003,0.209,0,0,1,0
2,CSK,LSG,0.5,0.667,0.4,0.4,0.0,0.053,0.251,0,0,1,1
2,RCB,RR,0.0,0.786,0.0,0.8,0.0,-0.315,0.576,0,1,1,0
2,DC,MI,0.0,0.857,0.0,1.0,0.5,-0.464,0.339,1,0,1,0
2,GT,SRH,1.0,0.333,1.0,0.333,0.5,0.421,-0.032,0,0,1,1
2,PBKS,RCB,0.5,0.0,0.6,0.0,1.0,0.145,-0.367,0,1,0,1
2,PBKS,RCB,0.545,0.0,0.6,0.0,1.0,0.201,-0.406,1,0,0,1
2,CSK,RCB,0.545,0.0,0.6,0.0,0.5,0.12,-0.449,0,1,1,1
2,PBKS,CSK,0.583,0.583,0.8,0.8,0.0,0.263,0.177,1,0,0,1
2,SRH,CSK,0.25,0.538,0.25,0.6,0.5,-0.089,0.148,1,0,1,0
2,DC,CSK,0.0,0.571,0.0,0.8,0.0,-0.525,0.196,1,0,0,1
2,MI,GT,0.875,1.0,1.0,1.0,0.5,0.426,0.502,0,1,0,0
2,SRH,PBKS,0.2,0.615,0.2,0.8,0.5,-0.123,0.304,1,0,1,0
2,SRH,PBKS,0.167,0.643,0.0,0.8,0.0,-0.178,0.383,0,1,1,0
2,DC,MI,0.077,0.778,0.2,0.8,0.0,-0.463,0.372,1,0,1,0
2,KKR,LSG,0.3,0.615,0.6,0.4,0.5,-0.118,0.204,0,0,1,0
2,RR,MI,0.8,0.8,0.8,0.8,0.333,0.65,0.434,0,1,0,0
2,RCB,KKR,0.0,0.273,0.0,0.6,0.5,-0.489,-0.179,0,1,0,0
2,PBKS,DC,0.667,0.071,1.0,0.2,1.0,0.429,-0.506,0,0,0,1
2,DC,CSK,0.067,0.533,0.2,0.6,0.333,-0.556,0.153,0,0,0,0
2,SRH,LSG,0.143,0.643,0.0,0.6,0.0,-0.21,0.292,0,0,0,1
2,MI,GT,0.818,1.0,0.8,1.0,0.0,0.502,0.579,0,0,0,0
2,KKR,SRH,0.333,0.25,0.6,0.2,0.5,-0.09,-0.126,1,0,1,1
2,RCB,SRH,0.0,0.222,0.0,0.2,0.0,-0.551,-0.161,0,1,1,0
2,RCB,CSK,0.0,0.562,0.0,0.6,0.0,-0.6,0.223,0,0,1,1
3,RR,PBKS,0.5,0.5,0.5,0.5,0.5,0.0,0.0,0,1,0,0
3,CSK,RR,0.5,0.0,0.5,0.0,0.5,0.0,-0.042,1,0,0,1
3,RR,SRH,0.0,0.5,0.0,0.5,0.5,-0.076,0.0,1,0,1,0
3,LSG,CSK,0.5,1.0,0.5,1.0,0.5,0.0,0.048,1,0,0,0
3,MI,RR,0.5,0.0,0.5,0.0,0.5,0.0,-0.112,1,0,1,1
3,GT,RR,0.5,0.0,0.5,0.0,0.5,0.0,-0.156,1,0,1,1
3,PBKS,GT,1.0,1.0,1.0,1.0,0.5,0.061,0.063,0,0,1,1
3,CSK,KKR,1.0,0.5,1.0,0.5,0.5,0.135,0.0,0,1,1,1
3,RCB,PBKS,0.5,1.0,0.5,1.0,0.5,0.0,0.117,0,1,0,0
3,DC,PBKS,0.5,1.0,0.5,1.0,0.5,0.0,0.206,0,1,0,0
3,SRH,RCB,1.0,0.0,1.0,0.0,0.5,0.052,-0.062,0,0,1,0
3,SRH,PBKS,0.5,1.0,0.5,1.0,0.5,-0.011,0.257,0,1,0,0
3,KKR,PBKS,0.0,1.0,0.0,1.0,0.5,-0.061,0.337,1,0,1,0
3,SRH,MI,0.333,1.0,0.333,1.0,0.5,-0.067,0.062,0,0,0,1
3,RR,LSG,0.0,0.0,0.0,0.0,0.5,-0.2,-0.061,1,0,0,1
3,LSG,CSK,0.0,1.0,0.0,1.0,0.0,-0.094,0.222,0,0,1,1
3,RR,PBKS,0.167,1.0,0.2,1.0,0.0,-0.153,0.395,0,1,1,0
3,PBKS,LSG,1.0,0.333,1.0,0.333,0.5,0.461,-0.022,0,1,1,1
3,KKR,RCB,0.0,0.5,0.0,0.5,0.5,-0.102,0.028,0,1,1,0
3,RCB,GT,0.667,0.5,0.667,0.5,0.5,0.087,0.024,0,1,1,0
3,LSG,RR,0.25,0.143,0.25,0.2,0.0,-0.054,-0.199,0,1,1,0
3,GT,PBKS,0.667,1.0,0.667,1.0,0.0,0.109,0.507,1,0,0,1
3,RCB,KKR,0.5,0.0,0.5,0.0,1.0,0.027,-0.143,1,0,1,1
3,SRH,DC,0.5,0.0,0.5,0.0,0.5,0.002,-0.036,0,0,1,1
3,GT,DC,0.75,0.0,0.75,0.0,0.5,0.181,-0.067,1,0,1,1
3,GT,LSG,0.8,0.2,0.8,0.2,0.5,0.254,-0.098,0,1,0,0
3,LSG,GT,0.333,0.667,0.4,0.6,1.0,-0.025,0.203,1,0,1,0
3,PBKS,MI,0.889,0.5,0.8,0.5,0.5,0.457,0.013,0,0,0,1
3,LSG,RCB,0.286,0.6,0.4,0.6,0.5,-0.079,0.089,0,0,0,1
3,RR,SRH,0.25,0.6,0.4,0.6,0.0,-0.136,0.046,1,0,1,1
3,LSG,DC,0.375,0.0,0.4,0.0,0.5,0.002,-0.118,0,1,1,1
3,GT,LSG,0.714,0.444,0.8,0.6,0.5,0.281,0.07,0,1,0,0
3,LSG,CSK,0.5,0.75,0.8,0.75,0.5,0.15,0.171,0,1,0,0
3,SRH,RR,0.5,0.333,0.4,0.6,0.5,0.01,-0.084,0,1,1,1
3,KKR,RCB,0.0,0.5,0.0,0.6,0.0,-0.186,0.032,1,0,0,0
3,CSK,RR,0.8,0.3,0.8,0.6,1.0,0.258,-0.145,0,1,1,1
3,KKR,DC,0.0,0.0,0.0,0.0,0.5,-0.218,-0.166,0,0,1,1
3,PBKS,MI,0.9,0.333,0.8,0.333,1.0,0.534,-0.041,1,0,1,1
3,CSK,GT,0.833,0.625,0.8,0.6,0.5,0.337,0.225,0,0,1,1
3,KKR,SRH,0.167,0.571,0.2,0.6,0.5,-0.174,0.098,0,1,1,1
3,RCB,KKR,0.571,0.286,0.6,0.4,1.0,0.078,-0.107,1,0,1,1
3,CSK,RCB,0.857,0.625,0.8,0.6,0.5,0.418,0.15,0,0,1,0
3,RCB,SRH,0.667,0.5,0.8,0.6,1.0,0.233,0.051,1,0,1,0
3,LSG,SRH,0.455,0.556,0.6,0.6,0.5,0.089,0.095,0,1,0,0
3,MI,PBKS,0.25,0.909,0.25,0.8,0.0,-0.075,0.583,1,0,0,1
3,GT,PBKS,0.556,0.833,0.4,0.6,0.5,0.168,0.53,0,0,0,0
3,CSK,KKR,0.75,0.25,0.6,0.4,1.0,0.36,-0.158,1,0,0,0
3,DC,SRH,0.0,0.6,0.0,0.6,0.0,-0.197,0.166,0,1,1,1
3,SRH,PBKS,0.545,0.846,0.6,0.6,0.0,0.104,0.603,0,0,0,1
3,LSG,DC,0.417,0.167,0.6,0.2,1.0,0.04,-0.109,0,1,0,1
3,PBKS,RR,0.786,0.273,0.6,0.4,1.0,0.543,-0.2,1,0,1,1
3,LSG,DC,0.462,0.143,0.6,0.2,1.0,0.09,-0.144,0,1,1,0
3,LSG,PBKS,0.429,0.8,0.4,0.6,0.0,0.059,0.632,0,0,1,1
3,RCB,LSG,0.6,0.467,0.6,0.4,0.0,0.202,0.107,0,0,1,1
3,SRH,RR,0.583,0.25,0.6,0.4,0.667,0.19,-0.262,1,0,0,0
3,SRH,RCB,0.538,0.636,0.6,0.8,0.5,0.143,0.252,0,0,0,1
3,CSK,GT,0.667,0.5,0.6,0.2,1.0,0.31,0.117,0,0,0,1
3,GT,RCB,0.455,0.583,0.2,0.6,1.0,0.075,0.213,1,0,1,0
3,CSK,LSG,0.7,0.438,0.6,0.4,0.667,0.371,0.072,0,1,0,0
3,GT,SRH,0.417,0.571,0.0,0.6,0.5,0.029,0.198,1,0,1,0
3,DC,LSG,0.25,0.471,0.4,0.6,0.333,-0.099,0.113,0,1,1,1
3,SRH,MI,0.6,0.4,0.6,0.4,1.0,0.264,0.001,1,0,0,1
3,MI,KKR,0.333,0.333,0.2,0.6,0.5,-0.039,-0.087,0,1,1,1
3,SRH,RCB,0.625,0.615,0.8,0.6,0.667,0.321,0.279,0,1,1,0
3,MI,RCB,0.429,0.643,0.4,0.6,0.5,0.045,0.364,1,0,0,1
3,CSK,GT,0.636,0.385,0.4,0.0,1.0,0.342,-0.017,0,0,0,0
3,PBKS,CSK,0.75,0.583,0.4,0.2,0.5,0.599,0.305,0,1,1,0
3,GT,CSK,0.429,0.615,0.2,0.4,0.333,0.036,0.349,0,1,1,1
3,GT,MI,0.467,0.5,0.4,0.6,0.5,0.109,0.099,1,0,1,1
3,MI,RCB,0.444,0.6,0.6,0.6,1.0,0.046,0.326,0,1,1,1
4,RCB,KKR,0.5,0.5,0.5,0.5,0.5,0.0,0.0,0,1,0,0
4,CSK,LSG,0.5,0.5,0.5,0.5,0.5,0.0,0.0,0,0,0,0
4,RCB,LSG,0.0,1.0,0.0,1.0,0.5,-0.051,0.08,1,0,1,0
4,RR,DC,0.5,0.5,0.5,0.5,0.5,0.0,0.0,0,1,1,0
4,SRH,DC,0.5,1.0,0.5,1.0,0.5,0.0,0.067,1,0,1,1
4,RCB,MI,0.0,0.5,0.0,0.5,0.5,-0.109,0.0,1,0,1,1
4,SRH,RR,1.0,0.0,1.0,0.0,0.5,0.049,-0.047,0,0,0,1
4,CSK,PBKS,0.0,0.5,0.0,0.5,0.5,-0.056,0.0,0,1,0,1
4,RCB,KKR,0.333,1.0,0.333,1.0,0.0,-0.024,0.073,0,1,0,0
4,LSG,SRH,1.0,1.0,1.0,1.0,0.5,0.164,0.119,0,0,1,1
4,DC,GT,0.5,0.5,0.5,0.5,0.5,0.032,0.0,1,0,0,0
4,SRH,RR,0.667,0.0,0.667,0.0,1.0,0.081,-0.096,1,0,1,1
4,LSG,MI,1.0,0.0,1.0,0.0,0.5,0.219,-0.059,1,0,0,1
4,LSG,MI,1.0,0.0,1.0,0.0,1.0,0.264,-0.091,0,0,0,1
4,MI,LSG,0.0,1.0,0.0,1.0,0.0,-0.143,0.339,0,1,0,0
4,GT,RR,1.0,0.0,1.0,0.0,0.5,0.081,-0.15,0,1,0,1
4,MI,DC,0.0,0.333,0.0,0.333,0.5,-0.198,-0.025,0,1,0,0
4,KKR,DC,1.0,0.5,1.0,0.5,0.5,0.121,0.021,1,0,1,1
4,LSG,MI,1.0,0.0,1.0,0.0,1.0,0.417,-0.23,1,0,0,1
4,LSG,MI,1.0,0.0,1.0,0.0,1.0,0.498,-0.287,0,1,1,1
4,GT,RCB,1.0,0.25,1.0,0.25,0.5,0.14,-0.058,0,1,0,0
4,MI,PBKS,0.0,0.0,0.0,0.0,0.5,-0.327,-0.054,1,0,1,0
4,RR,GT,0.0,0.667,0.0,0.667,0.0,-0.191,0.092,0,1,0,0
4,MI,SRH,0.0,0.75,0.0,0.75,0.5,-0.384,0.158,0,1,0,0
4,DC,GT,0.4,0.75,0.4,0.75,0.0,-0.027,0.141,0,1,1,1
4,LSG,GT,1.0,0.6,1.0,0.6,0.5,0.555,0.112,0,0,0,1
4,RCB,LSG,0.4,1.0,0.4,1.0,0.0,0.011,0.617,0,0,0,1
4,GT,SRH,0.5,0.8,0.4,0.8,0.5,0.068,0.231,1,0,1,0
4,KKR,SRH,1.0,0.833,1.0,0.8,0.5,0.189,0.277,0,0,0,0
4,SRH,PBKS,0.857,0.5,0.8,0.5,0.5,0.351,0.027,1,0,1,0
4,GT,PBKS,0.429,0.667,0.2,0.667,0.5,0.036,0.08,1,0,1,1
4,RCB,PBKS,0.5,0.5,0.6,0.5,0.5,0.068,0.041,0,1,0,1
4,LSG,SRH,0.9,0.75,0.8,0.8,1.0,0.577,0.314,0,1,0,0
4,LSG,KKR,0.818,0.75,0.6,0.75,0.5,0.525,0.138,0,0,0,0
4,SRH,RR,0.778,0.0,0.8,0.0,1.0,0.389,-0.225,0,0,1,1
4,PBKS,KKR,0.4,0.8,0.4,0.8,0.5,0.009,0.22,0,1,0,1
4,PBKS,LSG,0.5,0.75,0.6,0.4,0.5,0.081,0.467,0,0,1,1
4,RCB,GT,0.571,0.5,0.8,0.4,1.0,0.114,0.092,1,0,1,0
4,CSK,PBKS,0.5,0.571,0.5,0.6,1.0,0.021,0.161,0,0,0,1
4,PBKS,RCB,0.5,0.5,0.4,0.6,0.0,0.128,0.078,0,1,0,0
4,MI,RCB,0.0,0.556,0.0,0.8,0.0,-0.435,0.145,1,0,0,1
4,PBKS,RR,0.444,0.0,0.4,0.0,0.5,0.081,-0.285,0,0,1,1
4,PBKS,CSK,0.5,0.667,0.6,0.667,0.0,0.129,0.068,0,1,0,0
4,MI,GT,0.1,0.556,0.2,0.4,0.5,-0.353,0.143,0,1,1,1
4,GT,CSK,0.5,0.75,0.4,0.75,0.5,0.094,0.124,1,0,0,1
4,RR,GT,0.0,0.545,0.0,0.6,0.0,-0.319,0.178,0,1,0,0
4,KKR,DC,0.667,0.5,0.6,0.4,1.0,0.169,0.015,1,0,0,1
4,MI,GT,0.182,0.583,0.4,0.8,1.0,-0.283,0.228,1,0,0,1
4,CSK,MI,0.6,0.25,0.6,0.6,0.5,0.065,-0.227,0,1,1,1
4,GT,PBKS,0.538,0.455,0.6,0.4,1.0,0.189,0.09,0,1,1,0
4,MI,DC,0.231,0.429,0.6,0.4,0.0,-0.286,-0.029,0,0,1,1
4,DC,RR,0.375,0.0,0.4,0.0,1.0,-0.09,-0.354,0,1,1,1
4,CSK,RR,0.667,0.0,0.8,0.0,0.5,0.149,-0.394,1,0,0,1
4,CSK,RR,0.714,0.0,0.8,0.0,1.0,0.224,-0.447,0,1,0,1
4,KKR,RCB,0.714,0.5,0.6,0.6,1.0,0.231,0.088,0,0,1,1
4,LSG,RCB,0.692,0.455,0.2,0.4,0.5,0.411,0.033,0,1,0,0
4,MI,LSG,0.286,0.643,0.8,0.0,0.0,-0.199,0.375,0,1,0,1
4,GT,PBKS,0.5,0.5,0.4,0.4,0.5,0.154,0.14,1,0,1,1
4,RCB,KKR,0.5,0.75,0.4,0.6,0.0,0.085,0.309,1,0,0,1
4,SRH,CSK,0.8,0.75,0.8,0.8,0.5,0.475,0.309,1,0,1,0
4,PBKS,KKR,0.462,0.667,0.4,0.6,1.0,0.11,0.268,0,0,0,1
4,MI,LSG,0.333,0.6,0.8,0.0,0.167,-0.145,0.337,1,0,0,0
4,SRH,MI,0.727,0.312,0.6,0.6,1.0,0.434,-0.196,0,1,1,1
4,RR,RCB,0.0,0.538,0.0,0.6,0.5,-0.507,0.143,0,0,0,0
4,SRH,PBKS,0.75,0.5,0.6,0.6,0.0,0.477,0.163,0,1,0,0
4,DC,KKR,0.444,0.6,0.4,0.4,0.0,-0.033,0.231,0,1,1,0
4,RR,SRH,0.0,0.692,0.0,0.6,0.0,-0.543,0.446,1,0,0,0
4,DC,PBKS,0.4,0.533,0.4,0.6,0.5,-0.073,0.207,0,1,0,1
4,KKR,LSG,0.636,0.625,0.6,0.2,1.0,0.288,0.409,1,0,0,1
4,PBKS,MI,0.5,0.294,0.6,0.4,1.0,0.178,-0.226,0,0,1,1
5,PBKS,GT,0.5,0.5,0.5,0.5,0.5,0.0,0.0,0,1,0,0
5,RR,CSK,0.5,0.5,0.5,0.5,0.5,0.0,0.0,0,1,0,1
5,SRH,KKR,0.5,0.5,0.5,0.5,0.5,0.0,0.0,1,0,1,0
5,MI,DC,0.5,0.5,0.5,0.5,0.5,0.0,0.0,0,1,1,0
5,RR,KKR,1.0,1.0,1.0,1.0,0.5,0.047,0.053,1,0,0,1
5,KKR,CSK,0.5,0.0,0.5,0.0,0.5,0.015,-0.033,1,0,0,1
5,GT,PBKS,1.0,0.0,1.0,0.0,1.0,0.087,-0.061,1,0,0,1
5,LSG,PBKS,0.5,0.0,0.5,0.0,0.5,0.0,-0.106,0,1,0,1
5,SRH,PBKS,0.0,0.0,0.0,0.0,0.5,-0.037,-0.134,1,0,0,1
5,GT,PBKS,1.0,0.0,1.0,0.0,1.0,0.152,-0.187,1,0,0,1
5,CSK,GT,0.0,1.0,0.0,1.0,0.5,-0.063,0.211,0,0,1,0
5,GT,DC,1.0,1.0,1.0,1.0,0.5,0.296,0.065,1,0,1,1
5,PBKS,KKR,0.0,0.667,0.0,0.667,0.5,-0.228,0.057,1,0,0,0
5,SRH,PBKS,0.5,0.0,0.5,0.0,1.0,0.039,-0.271,1,0,1,1
5,PBKS,LSG,0.0,1.0,0.0,1.0,0.0,-0.305,0.041,1,0,1,0
5,CSK,KKR,0.0,0.75,0.0,0.75,0.0,-0.122,0.118,0,1,0,0
5,DC,LSG,0.5,1.0,0.5,1.0,0.5,0.023,0.123,0,1,1,0
5,PBKS,RCB,0.0,0.5,0.0,0.5,0.5,-0.362,0.0,0,1,1,0
5,LSG,RCB,1.0,1.0,1.0,1.0,0.5,0.186,0.042,0,1,0,1
5,CSK,MI,0.0,0.0,0.0,0.0,0.5,-0.171,-0.045,0,1,1,0
5,GT,KKR,1.0,0.8,1.0,0.8,0.5,0.356,0.188,0,1,0,0
5,RCB,MI,0.5,0.5,0.5,0.5,0.5,-0.02,0.032,0,0,0,0
5,RR,KKR,1.0,0.833,1.0,0.8,1.0,0.101,0.268,1,0,0,0
5,GT,DC,0.833,0.333,0.8,0.333,1.0,0.3,-0.021,0,1,1,0
5,LSG,RCB,1.0,0.333,1.0,0.333,1.0,0.275,-0.054,0,0,1,0
5,LSG,SRH,0.8,0.667,0.8,0.667,0.5,0.227,0.088,0,0,0,1
5,PBKS,GT,0.0,0.714,0.0,0.6,0.0,-0.392,0.26,1,0,1,0
5,MI,CSK,0.667,0.0,0.667,0.0,1.0,0.08,-0.225,1,0,0,1
5,GT,LSG,0.75,0.833,0.6,0.8,0.5,0.321,0.307,0,0,1,0
5,LSG,DC,0.857,0.5,0.8,0.5,1.0,0.396,0.036,0,1,0,0
5,LSG,RR,0.75,0.667,0.6,0.667,0.5,0.356,0.048,1,0,1,1
5,SRH,GT,0.5,0.667,0.5,0.4,0.5,0.032,0.259,1,0,0,1
5,KKR,RCB,0.857,0.5,1.0,0.5,0.5,0.343,0.014,1,0,0,1
5,MI,DC,0.75,0.6,0.75,0.6,0.0,0.151,0.093,0,1,0,1
5,KKR,RR,0.875,0.5,1.0,0.5,0.5,0.42,0.007,1,0,1,1
5,GT,CSK,0.6,0.0,0.2,0.0,1.0,0.216,-0.275,0,0,1,1
5,LSG,DC,0.778,0.5,0.6,0.4,0.5,0.415,0.056,0,0,0,1
5,LSG,CSK,0.8,0.0,0.8,0.0,0.5,0.486,-0.328,1,0,1,1
5,PBKS,GT,0.0,0.636,0.0,0.4,0.0,-0.435,0.291,0,1,1,0
5,LSG,PBKS,0.818,0.0,0.8,0.0,1.0,0.539,-0.489,1,0,1,1
5,LSG,KKR,0.833,0.889,0.8,1.0,0.5,0.579,0.49,1,0,1,0
5,RR,LSG,0.4,0.769,0.4,0.8,0.0,-0.042,0.525,0,0,0,0
5,GT,CSK,0.667,0.0,0.6,0.0,1.0,0.368,-0.365,0,1,1,1
5,GT,RR,0.692,0.333,0.6,0.2,0.5,0.445,-0.094,1,0,1,0
5,RR,KKR,0.429,0.9,0.2,1.0,0.333,-0.008,0.567,0,1,0,0
5,KKR,LSG,0.909,0.786,1.0,0.8,1.0,0.639,0.599,0,1,0,1
5,PBKS,DC,0.0,0.429,0.0,0.4,0.5,-0.517,0.007,1,0,0,1
5,PBKS,GT,0.077,0.643,0.2,0.6,0.0,-0.469,0.385,0,0,1,0
5,PBKS,RCB,0.071,0.4,0.2,0.4,0.0,-0.497,-0.04,0,1,0,0
5,RR,RCB,0.375,0.5,0.2,0.4,0.5,-0.059,0.039,0,0,1,0
5,LSG,SRH,0.733,0.6,0.6,0.6,1.0,0.555,0.094,0,0,0,1
5,GT,MI,0.667,0.8,0.8,0.8,0.5,0.425,0.204,0,1,0,0
5,GT,DC,0.625,0.375,0.6,0.4,0.5,0.391,-0.027,0,1,1,1
5,MI,CSK,0.833,0.0,1.0,0.0,1.0,0.252,-0.419,0,0,1,1
5,RCB,PBKS,0.571,0.067,0.6,0.2,1.0,0.089,-0.553,1,0,0,1
5,PBKS,KKR,0.062,0.917,0.2,1.0,0.0,-0.614,0.702,0,1,1,0
5,MI,KKR,0.857,0.923,1.0,1.0,0.5,0.319,0.781,0,0,1,0
5,SRH,RCB,0.5,0.625,0.6,0.8,0.5,0.05,0.176,0,0,0,1
5,KKR,SRH,0.929,0.571,1.0,0.6,1.0,0.855,0.13,0,1,1,1
5,MI,DC,0.75,0.333,0.8,0.2,0.5,0.267,-0.066,0,1,1,0
5,CSK,KKR,0.0,0.933,0.0,1.0,0.0,-0.466,0.905,0,1,0,0
5,PBKS,DC,0.059,0.4,0.2,0.2,1.0,-0.669,-0.004,1,0,0,1
5,MI,PBKS,0.667,0.111,0.6,0.2,0.5,0.224,-0.603,1,0,1,0
5,SRH,LSG,0.5,0.75,0.4,0.6,0.0,0.095,0.618,0,1,0,1
5,LSG,KKR,0.706,0.938,0.4,1.0,0.0,0.573,0.991,1,0,1,0
5,DC,GT,0.364,0.647,0.2,0.6,0.333,-0.05,0.447,0,1,1,0
5,LSG,SRH,0.667,0.556,0.4,0.6,0.667,0.525,0.159,1,0,1,0
5,RCB,SRH,0.556,0.6,0.6,0.6,0.0,0.12,0.238,1,0,1,1
5,GT,CSK,0.667,0.0,0.6,0.0,1.0,0.519,-0.527,0,1,1,1
5,GT,CSK,0.684,0.0,0.8,0.0,1.0,0.596,-0.581,1,0,0,0
6,MI,PBKS,0.5,0.5,0.5,0.5,0.5,0.0,0.0,0,0,1,0
6,LSG,KKR,0.5,0.5,0.5,0.5,0.5,0.0,0.0,1,0,1,0
6,MI,SRH,0.0,0.5,0.0,0.5,0.5,-0.042,0.0,0,1,1,0
6,DC,KKR,0.5,1.0,0.5,1.0,0.5,0.0,0.083,1,0,1,0
6,MI,RR,0.0,0.5,0.0,0.5,0.5,-0.078,0.0,1,0,1,0
6,KKR,PBKS,1.0,1.0,1.0,1.0,0.5,0.155,0.06,0,1,1,0
6,LSG,RCB,0.0,0.5,0.0,0.5,0.5,-0.058,0.0,0,1,0,1
6,CSK,DC,0.5,0.0,0.5,0.0,0.5,0.0,-0.051,1,0,1,1
6,RR,MI,1.0,0.0,1.0,0.0,1.0,0.046,-0.11,0,1,1,1
6,PBKS,MI,1.0,0.0,1.0,0.0,1.0,0.13,-0.169,0,1,1,1
6,MI,GT,0.0,0.5,0.0,0.5,0.5,-0.231,0.0,1,0,0,0
6,CSK,SRH,1.0,1.0,1.0,1.0,0.5,0.086,0.051,0,1,0,1
6,GT,SRH,1.0,0.5,1.0,0.5,0.5,0.055,0.018,0,1,1,1
6,RCB,CSK,0.0,1.0,0.0,1.0,0.5,-0.034,0.133,0,0,0,1
6,GT,CSK,1.0,0.667,1.0,0.667,0.5,0.113,0.088,1,0,1,0
6,RCB,KKR,0.5,0.667,0.5,0.667,0.5,0.03,0.106,1,0,1,1
6,SRH,PBKS,0.333,1.0,0.333,1.0,0.5,-0.022,0.219,1,0,0,0
6,LSG,DC,0.5,0.0,0.5,0.0,0.5,-0.009,-0.111,0,0,0,1
6,RR,MI,1.0,0.0,1.0,0.0,1.0,0.13,-0.27,0,1,1,1
6,RR,LSG,1.0,0.667,1.0,0.667,0.5,0.219,0.057,1,0,0,0
6,GT,KKR,0.667,0.5,0.667,0.5,0.5,0.071,0.076,0,0,1,1
6,LSG,SRH,0.75,0.25,0.75,0.25,0.5,0.111,-0.07,1,0,1,0
6,MI,RCB,0.0,0.667,0.0,0.667,0.5,-0.332,0.072,0,1,0,0
6,RR,KKR,0.75,0.4,0.75,0.4,0.5,0.181,0.036,1,0,0,0
6,PBKS,KKR,1.0,0.5,1.0,0.4,1.0,0.287,0.114,0,0,1,1
6,PBKS,RCB,1.0,0.75,1.0,0.75,0.5,0.358,0.114,1,0,0,0
6,RCB,PBKS,0.8,0.833,0.8,0.8,1.0,0.194,0.302,0,0,0,0
6,PBKS,KKR,0.857,0.429,0.8,0.2,1.0,0.373,0.064,1,0,0,0
6,LSG,KKR,0.6,0.5,0.6,0.4,0.0,0.055,0.123,1,0,1,0
6,PBKS,DC,0.75,0.0,0.6,0.0,0.5,0.331,-0.157,0,1,1,1
6,GT,SRH,0.75,0.4,0.75,0.4,1.0,0.128,0.01,1,0,0,1
6,DC,RR,0.0,0.6,0.0,0.6,0.5,-0.203,0.126,1,0,1,0
6,DC,LSG,0.0,0.5,0.0,0.6,0.0,-0.264,0.004,0,1,1,0
6,RCB,DC,0.667,0.0,0.8,0.0,0.5,0.145,-0.31,1,0,1,1
6,CSK,SRH,0.75,0.333,0.75,0.2,1.0,0.148,-0.053,0,0,0,1
6,KKR,DC,0.556,0.0,0.6,0.0,1.0,0.196,-0.34,1,0,0,1
6,LSG,GT,0.571,0.8,0.6,0.8,0.5,0.069,0.218,1,0,0,1
6,LSG,PBKS,0.625,0.778,0.6,0.6,0.5,0.136,0.396,0,0,0,0
6,PBKS,MI,0.8,0.0,0.6,0.0,1.0,0.456,-0.361,0,0,1,1
6,LSG,PBKS,0.556,0.818,0.4,0.8,0.0,0.094,0.545,0,1,1,0
6,CSK,LSG,0.8,0.5,0.8,0.4,0.5,0.223,0.056,0,0,0,1
6,KKR,MI,0.6,0.0,0.8,0.0,0.5,0.273,-0.423,0,1,1,0
6,LSG,DC,0.455,0.0,0.4,0.0,1.0,0.01,-0.394,0,1,1,1
6,MI,KKR,0.1,0.545,0.2,0.6,1.0,-0.379,0.242,0,0,0,1
6,SRH,RCB,0.286,0.714,0.2,0.8,0.5,-0.105,0.188,0,1,0,0
6,MI,DC,0.182,0.0,0.4,0.0,0.5,-0.292,-0.454,0,0,0,0
6,KKR,PBKS,0.5,0.833,0.6,0.8,0.333,0.181,0.6,0,1,1,1
6,DC,GT,0.1,0.667,0.2,0.6,0.5,-0.412,0.171,0,0,1,1
6,PBKS,CSK,0.769,0.833,0.8,0.8,0.5,0.558,0.289,0,0,0,0
6,PBKS,CSK,0.714,0.857,0.6,0.8,0.0,0.511,0.356,1,0,0,0
6,DC,RCB,0.182,0.75,0.4,0.8,0.0,-0.347,0.264,0,1,0,0
6,MI,PBKS,0.167,0.667,0.4,0.4,0.0,-0.322,0.453,0,1,1,0
6,PBKS,GT,0.688,0.571,0.4,0.4,0.5,0.513,0.125,1,0,1,1
6,RCB,LSG,0.778,0.5,0.8,0.4,0.0,0.332,0.096,0,0,1,0
6,PBKS,DC,0.706,0.167,0.4,0.4,1.0,0.597,-0.395,0,0,1,0
6,DC,RCB,0.231,0.7,0.6,0.6,0.0,-0.308,0.279,0,0,1,0
6,RR,GT,0.667,0.5,0.6,0.4,0.5,0.213,0.066,1,0,0,0
6,RCB,MI,0.727,0.154,0.8,0.4,1.0,0.319,-0.364,0,0,1,1
6,PBKS,LSG,0.667,0.538,0.4,0.4,1.0,0.536,0.172,0,1,0,0
6,LSG,MI,0.571,0.143,0.6,0.4,0.5,0.256,-0.401,1,0,1,0
6,SRH,RCB,0.25,0.75,0.2,0.8,0.0,-0.158,0.372,0,1,0,0
6,MI,DC,0.2,0.214,0.4,0.6,0.0,-0.334,-0.336,0,1,0,0
6,PBKS,CSK,0.632,0.875,0.4,1.0,0.0,0.478,0.438,0,1,0,1
6,DC,CSK,0.267,0.778,0.6,0.8,0.0,-0.255,0.375,1,0,1,0
6,SRH,RR,0.222,0.571,0.2,0.4,0.5,-0.208,0.166,1,0,1,0
6,GT,CSK,0.556,0.8,0.4,0.8,0.0,0.133,0.429,0,1,0,1
6,LSG,CSK,0.533,0.727,0.6,0.6,0.0,0.209,0.378,0,1,1,0
6,SRH,LSG,0.2,0.5,0.0,0.6,1.0,-0.265,0.176,0,1,0,0
6,KKR,RR,0.538,0.625,0.6,0.4,1.0,0.241,0.247,1,0,0,0
6,RCB,DC,0.769,0.25,0.8,0.4,1.0,0.444,-0.293,0,1,0,1
